<configuration>
    <appender name="CONSOLE" class="ch.qos.logback.core.ConsoleAppender">
        <encoder>
            <pattern>%d{yyyy-MM-dd HH:mm:ss} %-5level %logger{36} - %msg%n</pattern>
        </encoder>
        <filter class="ch.qos.logback.classic.filter.ThresholdFilter">
            <level>DEBUG</level>
        </filter>
    </appender>

    <logger name="org.springframework.security" level="ERROR"/>
    <logger name="org.springframework.boot.autoconfigure.security.servlet.UserDetailsServiceAutoConfiguration" level="ERROR"/>
    
    <!-- Logs de depuración para filtrado de contenidos -->
    <logger name="com.esimedia.services.AudioContentService" level="DEBUG"/>
    <logger name="com.esimedia.services.VideoContentService" level="DEBUG"/>

    <root level="INFO">
        <appender-ref ref="CONSOLE" />
    </root>
</configuration>